id_num,question,answer
1,What is your return policy?,You can return any item within 30 days of purchase if it is in its original condition.
2,Can I exchange a book if I change my mind?,You can exchange any item within 30 days of purchase if it is in its original condition.
3,How long do I have to return a purchase?,You have 30 days to return any item as long as it is in its original condition.
4,What are the conditions for returning a book?,Items must be returned within 30 days of purchase and be in their original condition.
5,Can I get a refund if I don't like a book?,You can return the book within 30 days for a refund if it is in its original condition.
6,What is your exchange policy?,You can exchange any item within 30 days of purchase if it is in its original condition.
7,How do I return a book I bought online?,You can return any item within 30 days of purchase if it is in its original condition.
8,Is it possible to exchange a book after buying it?,You can exchange any item within 30 days of purchase if it is in its original condition.
9,Can I return an ebook?,Ebooks are non-refundable due to their digital nature.
10,Are ebooks refundable?,Ebooks cannot be returned or refunded once purchased.
11,What is the refund policy for ebooks?,Ebooks are non-refundable due to their digital nature.
12,Can I get my money back for an ebook?,Ebooks cannot be refunded once purchased.
13,Do you offer any reading recommendations?,We offer personalized reading recommendations based on your preferences.
14,Can you suggest some books to read?,We offer personalized reading recommendations based on your preferences.
15,How can I get book suggestions?,We offer personalized reading recommendations based on your preferences.
16,Where can I find book recommendations?,We offer personalized reading recommendations based on your preferences.
17,Do you have a loyalty program?,"Yes, we offer a loyalty program where you can earn points with each purchase."
18,Can I earn points with my purchases?,"Yes, we offer a loyalty program where you can earn points with each purchase."
19,How does your loyalty program work?,"Yes, we offer a loyalty program where you can earn points with each purchase."
20,Is there a rewards program?,"Yes, we offer a loyalty program where you can earn points with each purchase."
21,Can I track my order online?,"Yes, you can track your order status online through your account."
22,How can I check my order status?,"Yes, you can track your order status online through your account."
23,Where can I track my order?,"Yes, you can track your order status online through your account."
24,Can I view my order history?,"Yes, you can view your order history online through your account."
25,Is there a way to track my shipment?,"Yes, you can track your order status online through your account."
26,What payment methods do you accept?,"We accept major credit cards, PayPal, and bank transfers."
27,How can I pay for my order?,"We accept major credit cards, PayPal, and bank transfers."
28,Which payment options do you offer?,"We accept major credit cards, PayPal, and bank transfers."
29,Can I use PayPal to pay for my purchase?,"We accept major credit cards, PayPal, and bank transfers."
30,Do you accept bank transfers?,"We accept major credit cards, PayPal, and bank transfers."
31,Do you offer free shipping?,"We offer free shipping on orders over $100. For orders less than $100, we provide two shipping options: Standard Shipping (3-4 days) - $5.99, Express Shipping (1-2 days) - $12.99"
32,Is there free delivery available?,"We offer free shipping on orders over $100. For orders less than $100, we provide two shipping options: Standard Shipping (3-4 days) - $5.99, Express Shipping (1-2 days) - $12.99"
33,How can I get free shipping?,"We offer free shipping on orders over $100. For orders less than $100, we provide two shipping options: Standard Shipping (3-4 days) - $5.99, Express Shipping (1-2 days) - $12.99"
34,Do you charge for shipping?,"We offer free shipping on orders over $100. For orders less than $100, we provide two shipping options: Standard Shipping (3-4 days) - $5.99, Express Shipping (1-2 days) - $12.99"
35,What are the shipping charges?,"We offer free shipping on orders over $100. For orders less than $100, we provide two shipping options: Standard Shipping (3-4 days) - $5.99, Express Shipping (1-2 days) - $12.99"
36,Do you ship internationally?,"Yes, we ship to select countries worldwide. Please check our shipping page for details."
37,Can I place an order from outside the country?,"Yes, we ship to select countries worldwide. Please check our shipping page for details."
38,Do you deliver internationally?,"Yes, we ship to select countries worldwide. Please check our shipping page for details."
39,How can I order if I live abroad?,"Yes, we ship to select countries worldwide. Please check our shipping page for details."
40,Is international shipping available?,"Yes, we ship to select countries worldwide. Please check our shipping page for details."
41,What is the return policy?,You can return any item within 30 days of purchase if it is in its original condition.
42,Can I return a book I didn't like?,You can return the book within 30 days for a refund if it is in its original condition.
43,How do I start a return process?,You can start a return by visiting our returns page and following the instructions.
44,What if the item I received is damaged?,If the item you received is damaged;you can return it within 30 days for a full refund or exchange.
45,Can I return a gift I received?,You can return a gift within 30 days of purchase if it is in its original condition.
46,What is your policy on returning sale items?,Sale items can be returned within 30 days of purchase if they are in their original condition.
47,Do I need a receipt to return a book?,A receipt or proof of purchase is required to process a return.
48,How long does it take to process a refund?,Refunds are typically processed within 5-7 business days after we receive the returned item.
49,Can I cancel my order?,You can cancel your order if it has not yet been processed for shipping.
50,Can I modify my order after placing it?,You can modify your order within 24 hours of placing it if it has not been processed for shipping.
51,How can I check my order status?,check-orders
52,I want to check my order.,check-orders
